{"cameraMode":{"drawMode":0,"name":"Shaded","section":"Shading Mode"},"sceneLighting":true,"audioPlay":false,"sceneViewState":{"m_AlwaysRefresh":false,"showFog":true,"showSkybox":true,"showFlares":true,"showImageEffects":true,"showParticleSystems":true,"showVisualEffectGraphs":true,"m_FxEnabled":true},"in2DMode":false,"pivot":{"x":1.0240187644958497,"y":-0.22723758220672608,"z":-20.971349716186525},"rotation":{"x":-0.006308447569608688,"y":-0.019494397565722467,"z":0.00016414266428910196,"w":-0.9998152852058411},"size":0.7427485585212708,"orthographic":false}