{"cameraMode":{"drawMode":0,"name":"Shaded","section":"Shading Mode"},"sceneLighting":true,"audioPlay":false,"sceneViewState":{"m_AlwaysRefresh":false,"showFog":true,"showSkybox":true,"showFlares":true,"showImageEffects":true,"showParticleSystems":true,"showVisualEffectGraphs":true,"m_FxEnabled":true},"in2DMode":false,"pivot":{"x":1015.7601928710938,"y":538.1921997070313,"z":-129.335205078125},"rotation":{"x":-0.037801727652549747,"y":-0.0044927108101546768,"z":0.0001707381015876308,"w":-0.999295711517334},"size":132.09068298339845,"orthographic":false}